{
  "generated_at": "2026-04-02T23:20:46.452490+00:00",
  "workbook": "/workspaces/autosparefinder/backend/data/full car database.xlsx",
  "pending_summary": "/workspaces/autosparefinder/backend/data/full_car_database.pending_enrichment.json",
  "totals": {
    "pending_rows": 102019,
    "worker_candidate_manufacturers": 3,
    "external_source_manufacturers": 10
  },
  "worker_candidates": [
    {
      "manufacturer": "Chevrolet",
      "pending_rows": 10,
      "total_parts": 29152,
      "parts_with_compat": 29142,
      "sample_catalog_numbers": [
        "12707246",
        "12735811",
        "13505346",
        "24284766",
        "42756500",
        "93747620",
        "998973",
        "L1157NA",
        "MR43T",
        "-PF64"
      ]
    },
    {
      "manufacturer": "Citroen",
      "pending_rows": 756,
      "total_parts": 6110,
      "parts_with_compat": 5354,
      "sample_catalog_numbers": [
        "016713",
        "0209JL",
        "024988",
        "0249G7",
        "030713",
        "036534",
        "038039",
        "053733",
        "153916",
        "1607798780",
        "1607938180",
        "1607938280",
        "1608322780",
        "1608481080",
        "1609072380",
        "1609257880",
        "1609337380",
        "1609381380",
        "1609430680",
        "1609512780"
      ]
    },
    {
      "manufacturer": "Peugeot",
      "pending_rows": 2840,
      "total_parts": 4115,
      "parts_with_compat": 1275,
      "sample_catalog_numbers": [
        "013116",
        "013267",
        "024318",
        "025069",
        "025082",
        "025085",
        "032197",
        "0341N5",
        "0348Q1",
        "0348T5",
        "0361S4",
        "037674",
        "053590",
        "060644",
        "0801FS",
        "080643",
        "082206",
        "0831V0",
        "0948E7",
        "095159"
      ]
    }
  ],
  "external_source_required": [
    {
      "manufacturer": "Renault",
      "pending_rows": 49,
      "total_parts": 50,
      "parts_with_compat": 0,
      "sample_catalog_numbers": [
        "101.31101.31",
        "283.08283.08",
        "7691.177691.17",
        "107.53107.53",
        "3517.693517.69",
        "517.88517.88",
        "208.15208.15",
        "44.5044.50",
        "2821.172821.17",
        "808.67808.67",
        "125.52125.52",
        "304.28304.28",
        "51.9851.98",
        "4576.974576.97",
        "1205.471205.47",
        "614.58614.58",
        "1191.451191.45",
        "35.0535.05",
        "11244.8711244.87",
        "35.4035.40"
      ]
    },
    {
      "manufacturer": "Jaecoo",
      "pending_rows": 662,
      "total_parts": 662,
      "parts_with_compat": 0,
      "sample_catalog_numbers": [
        "155000101AA",
        "202002542AA",
        "204001455AA",
        "204004268AA",
        "301000208AA",
        "301002954AA",
        "401003025AAABK",
        "402014441AA",
        "403005974AAABK",
        "407000393AA",
        "502003408AADYJ",
        "553000392AADYJ",
        "554001534AA",
        "6199",
        "237",
        "167",
        "301",
        "15",
        "93",
        "F4J16-1118019AC"
      ]
    },
    {
      "manufacturer": "ORA",
      "pending_rows": 1075,
      "total_parts": 986,
      "parts_with_compat": 0,
      "sample_catalog_numbers": [
        "09280020",
        "09730012",
        "2127107XGW02A",
        "2803134XNW01A",
        "2905239XGW01A",
        "3501101XGW02A",
        "3561117XGW02A",
        "3603240XKZ4JA",
        "3776321XNW01A",
        "5006101XNW01A8L",
        "5205100XNW12A",
        "5306350XKU62A2H",
        "5401900XNW01A",
        "5509100XNW01A",
        "5701200XNW01A",
        "6101704XNW01A",
        "גומיית אטימה סביב דלת ימין קדמית",
        "מנעול דלת אחורית צד נהג",
        "ציר דלת קדמית ימין",
        "מוביל למשענת ראש"
      ]
    },
    {
      "manufacturer": "Smart",
      "pending_rows": 1222,
      "total_parts": 1222,
      "parts_with_compat": 0,
      "sample_catalog_numbers": [
        "000000000000025831",
        "000000000000026556",
        "1016040056",
        "1017025422",
        "1017036169",
        "1017040099",
        "1018011151",
        "1018058605",
        "1018059125",
        "1018059434",
        "6600001039W17",
        "6600003269",
        "6600007162",
        "6600070194",
        "6600087971B01",
        "6600087971G92",
        "6600092810",
        "6600123648",
        "6600136957",
        "6600136971"
      ]
    },
    {
      "manufacturer": "Porsche",
      "pending_rows": 1493,
      "total_parts": 1492,
      "parts_with_compat": 0,
      "sample_catalog_numbers": [
        "8K0501529L",
        "8K0505323H",
        "8K0511533A",
        "8K0820261",
        "8K1399345E",
        "8R0505311F",
        "8R0511539C",
        "8R0615269A",
        "8R0807113D",
        "8R0807313D",
        "90012300730",
        "90012301020",
        "90012310630",
        "90012313130",
        "90012315230",
        "90012315920",
        "90021900401",
        "90021900930",
        "90037815901",
        "90091000303"
      ]
    },
    {
      "manufacturer": "Genesis",
      "pending_rows": 2135,
      "total_parts": 1783,
      "parts_with_compat": 0,
      "sample_catalog_numbers": [
        "1145608356B",
        "1416003143",
        "210202S021",
        "714",
        "3802",
        "826",
        "לא זמין",
        "263202R000",
        "282403V000",
        "285242CTA1",
        "29140T6200",
        "314163V000",
        "361502GGA0",
        "37539CV000",
        "392502T000",
        "463134J200",
        "495R1DS000",
        "51750T1500",
        "52937A5000",
        "54506JI550"
      ]
    },
    {
      "manufacturer": "Mitsubishi",
      "pending_rows": 7468,
      "total_parts": 7468,
      "parts_with_compat": 0,
      "sample_catalog_numbers": [
        "1000A406",
        "1000A992",
        "1000D061",
        "1000D062",
        "1000D063",
        "1000D104",
        "1000D105",
        "1000D170",
        "1000D173",
        "1000D224",
        "1000D225",
        "1000D234",
        "1000D235",
        "1000D236",
        "1000D272",
        "1000D338",
        "1005A205",
        "1005A757",
        "1005B339",
        "1005B373"
      ]
    },
    {
      "manufacturer": "Hyundai",
      "pending_rows": 20869,
      "total_parts": 20869,
      "parts_with_compat": 0,
      "sample_catalog_numbers": [
        "77511K7000",
        "77511K7000QQH",
        "77511Q0000",
        "77512BE000",
        "77512K2000",
        "77512K7000",
        "77512K7000QQH",
        "77512Q0000",
        "77513BE000",
        "77513K2000",
        "77513K7000",
        "77513K7000QQH",
        "77513Q0000",
        "77521BE000",
        "77521K2000",
        "77521K7000",
        "77521K7000QQH",
        "77521Q0000",
        "77522BE000",
        "77522K2000"
      ]
    },
    {
      "manufacturer": "Suzuki",
      "pending_rows": 22854,
      "total_parts": 1190,
      "parts_with_compat": 0,
      "sample_catalog_numbers": [
        "SN413",
        "K410,ST90",
        "SJ410",
        "SE416,410",
        "J413,SE416",
        "APK414-4",
        "S/0",
        "S/O",
        "310",
        "A2L412",
        "A6G415",
        "A2L412,APK310-3,J413,SE416",
        "J413",
        "A2L412,J413",
        "J413",
        "A2L412,J413",
        "A2L412,APK310-3",
        "AKK414-6",
        "RG413",
        "APK310-3"
      ]
    },
    {
      "manufacturer": "Mercedes-Benz",
      "pending_rows": 40586,
      "total_parts": 40586,
      "parts_with_compat": 0,